/song?id=1915894846,老实情歌,1,许茹芸,,/song?id=1915894846,老实情歌,None,
,f39b4f58-0286-11ee-8a88-f875a47c197c,评论,http://p2.music.126.net/kWlkzXDEkS8kg-hMQNVBmg==/109951166992171515.jpg?param=130y130
/song?id=1915894842,那片海,1,韩红,,/song?id=1915894842,那片海,None,
,f39b4f58-0286-11ee-8a88-f875a47c197c,评论,http://p2.music.126.net/kWlkzXDEkS8kg-hMQNVBmg==/109951166992171515.jpg?param=130y130
/song?id=1915894326,三百六十五个祝福,1,蔡国庆,,/song?id=1915894326,三百六十五个祝福,None,
,f39b4f58-0286-11ee-8a88-f875a47c197c,评论,http://p1.music.126.net/kWlkzXDEkS8kg-hMQNVBmg==/109951166992171515.jpg?param=130y130
/song?id=1915894375,发财发福中国年,1,凤凰传奇,,/song?id=1915894375,发财发福中国年,None,
,f39b4f58-0286-11ee-8a88-f875a47c197c,评论,http://p2.music.126.net/kWlkzXDEkS8kg-hMQNVBmg==/109951166992171515.jpg?param=130y130
/song?id=1915894400,爱就一个字,1,张信哲,,/song?id=1915894400,爱就一个字,None,
,f39b4f58-0286-11ee-8a88-f875a47c197c,评论,http://p2.music.126.net/kWlkzXDEkS8kg-hMQNVBmg==/109951166992171515.jpg?param=130y130
/song?id=1915894370,团圆+快乐老家,1,林志炫,,/song?id=1915894370,团圆+快乐老家,None,
,f39b4f58-0286-11ee-8a88-f875a47c197c,评论,http://p1.music.126.net/kWlkzXDEkS8kg-hMQNVBmg==/109951166992171515.jpg?param=130y130
/song?id=1915894843,万事如意,1,凤凰传奇 / 林志炫 / 何炅 / 张杰 / 许茹芸 / 郁可唯,,/song?id=1915894843,万事如意,None,
,f39b4f58-0286-11ee-8a88-f875a47c197c,评论,http://p2.music.126.net/kWlkzXDEkS8kg-hMQNVBmg==/109951166992171515.jpg?param=130y130
/song?id=1913847312,讲不出再见,1,谭咏麟,,/song?id=1913847312,讲不出再见,None,
,f39b4f58-0286-11ee-8a88-f875a47c197c,评论,http://p1.music.126.net/-kwW8e26L5Sh40mB3ph-4w==/109951166962304615.jpg?param=130y130
/song?id=1913847308,突然想爱你,1,许茹芸,,/song?id=1913847308,突然想爱你,None,
,f39b4f58-0286-11ee-8a88-f875a47c197c,评论,http://p2.music.126.net/-kwW8e26L5Sh40mB3ph-4w==/109951166962304615.jpg?param=130y130
/song?id=1913851824,电梯,1,郁可唯,,/song?id=1913851824,电梯,None,
,f39b4f58-0286-11ee-8a88-f875a47c197c,评论,http://p2.music.126.net/-kwW8e26L5Sh40mB3ph-4w==/109951166962304615.jpg?param=130y130
/song?id=1495058484,茫,1,李润祺,,/song?id=1495058484,茫,None,
,f39bc244-0286-11ee-8c6e-f875a47c197c,评论,http://p2.music.126.net/ok5Z4QtDLW9MfadKSGOldQ==/109951165563657438.jpg?param=130y130
/song?id=1996245972,第一人称,1,李润祺,,/song?id=1996245972,第一人称,None,
,f39bc244-0286-11ee-8c6e-f875a47c197c,评论,http://p1.music.126.net/qzHAzdDl7X7l3v0TwqVDDg==/109951168038591829.jpg?param=130y130
/song?id=1996245971,我在温暖的地方踹狗,1,李润祺,,/song?id=1996245971,我在温暖的地方踹狗,None,
,f39bc244-0286-11ee-8c6e-f875a47c197c,评论,http://p1.music.126.net/qzHAzdDl7X7l3v0TwqVDDg==/109951168038591829.jpg?param=130y130
/song?id=1996243386,明信片,1,李润祺,,/song?id=1996243386,明信片,None,
,f39bc244-0286-11ee-8c6e-f875a47c197c,评论,http://p2.music.126.net/qzHAzdDl7X7l3v0TwqVDDg==/109951168038591829.jpg?param=130y130
/song?id=1996245973,Made It,1,李润祺,,/song?id=1996245973,Made It,None,
,f39bc244-0286-11ee-8c6e-f875a47c197c,评论,http://p1.music.126.net/qzHAzdDl7X7l3v0TwqVDDg==/109951168038591829.jpg?param=130y130
/song?id=1996245975,薛定不谔,1,李润祺,,/song?id=1996245975,薛定不谔,None,
,f39bc244-0286-11ee-8c6e-f875a47c197c,评论,http://p1.music.126.net/qzHAzdDl7X7l3v0TwqVDDg==/109951168038591829.jpg?param=130y130
/song?id=1996245974,第四十号大街,1,李润祺,,/song?id=1996245974,第四十号大街,None,
,f39bc244-0286-11ee-8c6e-f875a47c197c,评论,http://p1.music.126.net/qzHAzdDl7X7l3v0TwqVDDg==/109951168038591829.jpg?param=130y130
/song?id=1945839750,外面下着雨,1,李润祺,,/song?id=1945839750,外面下着雨,None,
,f39bc244-0286-11ee-8c6e-f875a47c197c,评论,http://p1.music.126.net/LpvtWi2bBzPQZ3urMKHBAg==/109951167393804696.jpg?param=130y130
/song?id=1996243387,我讨厌今天从昨天就讨厌,1,李润祺,,/song?id=1996243387,我讨厌今天从昨天就讨厌,None,
,f39bc244-0286-11ee-8c6e-f875a47c197c,评论,http://p2.music.126.net/qzHAzdDl7X7l3v0TwqVDDg==/109951168038591829.jpg?param=130y130
/song?id=1996243385,4wing,1,李润祺,,/song?id=1996243385,4wing,None,
,f39bc244-0286-11ee-8c6e-f875a47c197c,评论,http://p1.music.126.net/qzHAzdDl7X7l3v0TwqVDDg==/109951168038591829.jpg?param=130y130
/song?id=28838178,青春修炼手册,1,TFBOYS,,/song?id=28838178,青春修炼手册,None,
,f39bc245-0286-11ee-a1c0-f875a47c197c,评论,http://p2.music.126.net/BHhnv-mjaVRsCeJOvq3xBQ==/3228166140022488.jpg?param=130y130
/song?id=31081148,宠爱,1,TFBOYS,,/song?id=31081148,宠爱,None,
,f39bc245-0286-11ee-a1c0-f875a47c197c,评论,http://p2.music.126.net/UY_Bi1KkE2_nCBI11CshvQ==/109951167560635959.jpg?param=130y130
/song?id=29393539,爱出发,1,TFBOYS,,/song?id=29393539,爱出发,None,
,f39bc245-0286-11ee-a1c0-f875a47c197c,评论,http://p1.music.126.net/Bpgw-TD8avtKhGXTTFoUYg==/109951167550164865.jpg?param=130y130
/song?id=31356788,样 (YOUNG),1,TFBOYS,,/song?id=31356788,样 (YOUNG),None,
,f39bc245-0286-11ee-a1c0-f875a47c197c,评论,http://p1.music.126.net/UY_Bi1KkE2_nCBI11CshvQ==/109951167560635959.jpg?param=130y130
/song?id=29738201,快乐环岛,1,TFBOYS,,/song?id=29738201,快乐环岛,None,
,f39bc245-0286-11ee-a1c0-f875a47c197c,评论,http://p2.music.126.net/BHhnv-mjaVRsCeJOvq3xBQ==/3228166140022488.jpg?param=130y130
/song?id=1948184152,男儿歌,1,时代少年团,,/song?id=1948184152,男儿歌,None,
,f39bc245-0286-11ee-a1c0-f875a47c197c,评论,http://p1.music.126.net/CIp51up2B7XHSu7M_EImDA==/109951168193189311.jpg?param=130y130
/song?id=1866168411,朱雀,1,时代少年团,,/song?id=1866168411,朱雀,None,
,f39bc245-0286-11ee-a1c0-f875a47c197c,评论,http://p1.music.126.net/CIp51up2B7XHSu7M_EImDA==/109951168193189311.jpg?param=130y130
/song?id=1948184151,哪吒,1,时代少年团,,/song?id=1948184151,哪吒,None,
,f39bc245-0286-11ee-a1c0-f875a47c197c,评论,http://p2.music.126.net/CIp51up2B7XHSu7M_EImDA==/109951168193189311.jpg?param=130y130
/song?id=1948182427,醉,1,时代少年团,,/song?id=1948182427,醉,None,
,f39bc245-0286-11ee-a1c0-f875a47c197c,评论,http://p2.music.126.net/CIp51up2B7XHSu7M_EImDA==/109951168193189311.jpg?param=130y130
/song?id=1862298235,要你管,1,时代少年团,,/song?id=1862298235,要你管,None,
,f39bc245-0286-11ee-a1c0-f875a47c197c,评论,http://p1.music.126.net/tPBUGHBJIbIFn3OcaE6WKA==/109951167561457770.jpg?param=130y130
/song?id=2050059013,灿烂的烟花般的你,1,吴莫愁,,/song?id=2050059013,灿烂的烟花般的你,None,
,f39be948-0286-11ee-8f61-f875a47c197c,评论,http://p1.music.126.net/KMh_0-bioUZanP3rlKQG-g==/109951168645343835.jpg?param=130y130
/song?id=2046772268,反派,1,苏慧伦,,/song?id=2046772268,反派,None,
,f39be948-0286-11ee-8f61-f875a47c197c,评论,http://p1.music.126.net/5PNPj7nHu1ytcxGPIj9RSg==/109951168606849609.jpg?param=130y130
/song?id=2046437801,你的世界,1,单依纯,,/song?id=2046437801,你的世界,None,
,f39be948-0286-11ee-8f61-f875a47c197c,评论,http://p1.music.126.net/CPpIQWPoHwtLUahZqcXxvw==/109951168604234685.jpg?param=130y130
/song?id=2046772267,相遇即是分开,1,白安,,/song?id=2046772267,相遇即是分开,None,
,f39be948-0286-11ee-8f61-f875a47c197c,评论,http://p1.music.126.net/5PNPj7nHu1ytcxGPIj9RSg==/109951168606849609.jpg?param=130y130
/song?id=2046736223,人生的序幕,1,陈光荣,,/song?id=2046736223,人生的序幕,None,
,f39be948-0286-11ee-8f61-f875a47c197c,评论,http://p2.music.126.net/M8wDlmn7SMh_Vl8Hne-o6g==/109951168606586143.jpg?param=130y130
/song?id=2048344921,登高,1,前男友 / 李淼淼,,/song?id=2048344921,登高,None,
,f39be948-0286-11ee-8f61-f875a47c197c,评论,http://p1.music.126.net/46GH5N5FEKW4T-eNfjTQlg==/109951168620620241.jpg?param=130y130
/song?id=2042855501,陪你,1,焦迈奇,,/song?id=2042855501,陪你,None,
,f39be948-0286-11ee-8f61-f875a47c197c,评论,http://p1.music.126.net/lsU-uNlo1u906MySnK3CHg==/109951168573312638.jpg?param=130y130
/song?id=2042825213,望道,1,摩登兄弟刘宇宁 / 8点组乐团,,/song?id=2042825213,望道,None,
,f39be948-0286-11ee-8f61-f875a47c197c,评论,http://p2.music.126.net/bmh6FSwX9MpQk6_OVZtyuw==/109951168573079797.jpg?param=130y130
/song?id=2040060085,道别,1,张碧晨,,/song?id=2040060085,道别,None,
,f39be948-0286-11ee-8f61-f875a47c197c,评论,http://p1.music.126.net/wyW-91d6nCipTYfzbEcjwQ==/109951168551553491.jpg?param=130y130
/song?id=2041211786,彩云是我写的信,1,毛不易,,/song?id=2041211786,彩云是我写的信,None,
,f39be948-0286-11ee-8f61-f875a47c197c,评论,http://p2.music.126.net/XY1keQ6zlQk6QHUG7zBvEA==/109951168559343576.jpg?param=130y130
/song?id=473056757,不睡(国) - Album Version,1,陈奕迅,,/song?id=473056757,不睡(国) - Album Version,None,
,f39be949-0286-11ee-8b67-f875a47c197c,评论,http://p2.music.126.net/wrr6wJ69pAaUTRhsF_ObEQ==/18239798393715374.jpg?param=130y130
/song?id=67885,感情约,1,陈奕迅,,/song?id=67885,感情约,None,
,f39be949-0286-11ee-8b67-f875a47c197c,评论,http://p1.music.126.net/gfC2KMlgmLvon9VGazVLxA==/109951163426144436.jpg?param=130y130
/song?id=538929591,心照一生×歌·颂,1,陈奕迅,,/song?id=538929591,心照一生×歌·颂,None,
,f39be949-0286-11ee-8b67-f875a47c197c,评论,http://p1.music.126.net/JY18-Wv8EFRWXGIfdH8hCA==/109951163150338667.jpg?param=130y130
/song?id=67824,L'amour,1,陈奕迅,,/song?id=67824,L'amour,None,
,f39be949-0286-11ee-8b67-f875a47c197c,评论,http://p1.music.126.net/MtlNDq9pOYOrELW8IoqQAA==/109951163426150743.jpg?param=130y130
/song?id=67877,Style,1,陈奕迅,,/song?id=67877,Style,None,
,f39be949-0286-11ee-8b67-f875a47c197c,评论,http://p1.music.126.net/gfC2KMlgmLvon9VGazVLxA==/109951163426144436.jpg?param=130y130
/song?id=67581,我的开始在这里,1,陈奕迅,,/song?id=67581,我的开始在这里,None,
,f39be949-0286-11ee-8b67-f875a47c197c,评论,http://p2.music.126.net/aL3IkkYBdFU73jqDlX1h7w==/109951165811019250.jpg?param=130y130
/song?id=67852,拜访,1,陈奕迅,,/song?id=67852,拜访,None,
,f39be949-0286-11ee-8b67-f875a47c197c,评论,http://p1.music.126.net/gfC2KMlgmLvon9VGazVLxA==/109951163426144436.jpg?param=130y130
/song?id=67857,爱到疯,1,陈奕迅,,/song?id=67857,爱到疯,None,
,f39be949-0286-11ee-8b67-f875a47c197c,评论,http://p1.music.126.net/gfC2KMlgmLvon9VGazVLxA==/109951163426144436.jpg?param=130y130
/song?id=67829,Taipei City,1,陈奕迅,,/song?id=67829,Taipei City,None,
,f39be949-0286-11ee-8b67-f875a47c197c,评论,http://p1.music.126.net/MtlNDq9pOYOrELW8IoqQAA==/109951163426150743.jpg?param=130y130
/song?id=67794,摊开双手,1,陈奕迅,,/song?id=67794,摊开双手,None,
,f39be949-0286-11ee-8b67-f875a47c197c,评论,http://p2.music.126.net/MtlNDq9pOYOrELW8IoqQAA==/109951163426150743.jpg?param=130y130
/song?id=1893898651,保卫黄河,1,中国人民解放军歌舞团,,/song?id=1893898651,保卫黄河,None,
,f39c1051-0286-11ee-b211-f875a47c197c,评论,http://p1.music.126.net/f9zet4_NfTPGyNMblmZyZg==/109951166607182365.jpg?param=130y130
/song?id=1893892285,夜上海,1,周璇,,/song?id=1893892285,夜上海,None,
,f39c1051-0286-11ee-b211-f875a47c197c,评论,http://p2.music.126.net/1Y8hBJsmljPklW4Lwz0T2A==/109951166607188006.jpg?param=130y130
/song?id=1893892286,天涯歌女,1,周璇,,/song?id=1893892286,天涯歌女,None,
,f39c1051-0286-11ee-b211-f875a47c197c,评论,http://p2.music.126.net/1Y8hBJsmljPklW4Lwz0T2A==/109951166607188006.jpg?param=130y130
/song?id=1893892288,玫瑰玫瑰我爱你,1,姚莉,,/song?id=1893892288,玫瑰玫瑰我爱你,None,
,f39c1051-0286-11ee-b211-f875a47c197c,评论,http://p2.music.126.net/1Y8hBJsmljPklW4Lwz0T2A==/109951166607188006.jpg?param=130y130
/song?id=1893892287,何日君再来,1,周璇,,/song?id=1893892287,何日君再来,None,
,f39c1051-0286-11ee-b211-f875a47c197c,评论,http://p2.music.126.net/1Y8hBJsmljPklW4Lwz0T2A==/109951166607188006.jpg?param=130y130
/song?id=1893898648,黄河船夫曲,1,中国人民解放军歌舞团,,/song?id=1893898648,黄河船夫曲,None,
,f39c1051-0286-11ee-b211-f875a47c197c,评论,http://p1.music.126.net/f9zet4_NfTPGyNMblmZyZg==/109951166607182365.jpg?param=130y130
/song?id=1893898649,黄河颂,1,岑冰,,/song?id=1893898649,黄河颂,None,
,f39c1051-0286-11ee-b211-f875a47c197c,评论,http://p1.music.126.net/f9zet4_NfTPGyNMblmZyZg==/109951166607182365.jpg?param=130y130
/song?id=1893891496,解放区的天,1,上海广播电视艺术团,,/song?id=1893891496,解放区的天,None,
,f39c1051-0286-11ee-b211-f875a47c197c,评论,http://p2.music.126.net/fD94VUYguQGJj3t8zpYCxA==/109951166607174897.jpg?param=130y130
/song?id=1893891518,彩云追月,1,彭修文 / 中国广播民族乐团,,/song?id=1893891518,彩云追月,None,
,f39c1051-0286-11ee-b211-f875a47c197c,评论,http://p2.music.126.net/zlprApyIrq035TjWTt04_g==/109951166607178856.jpg?param=130y130
/song?id=1893892311,花好月圆,1,彭修文 / 中国广播民族乐团,,/song?id=1893892311,花好月圆,None,
,f39c1051-0286-11ee-b211-f875a47c197c,评论,http://p2.music.126.net/zlprApyIrq035TjWTt04_g==/109951166607178856.jpg?param=130y130
/song?id=28196001,克卜勒,1,孙燕姿,,/song?id=28196001,克卜勒,None,
,f39c1052-0286-11ee-97f9-f875a47c197c,评论,http://p1.music.126.net/IpXZzvX4xgseWGfZhXHCyQ==/109951163115291601.jpg?param=130y130
/song?id=428203719,年轮说,1,杨丞琳,,/song?id=428203719,年轮说,None,
,f39c1052-0286-11ee-97f9-f875a47c197c,评论,http://p1.music.126.net/F06r32IxFWWquGjY3bl40w==/3401888991666195.jpg?param=130y130
/song?id=208938,空白格,1,蔡健雅,,/song?id=208938,空白格,None,
,f39c1052-0286-11ee-97f9-f875a47c197c,评论,http://p1.music.126.net/AryQmM2GgfCk4C9XfwV5uQ==/109951168271384367.jpg?param=130y130
/song?id=306654,绿洲,1,徐佳莹,,/song?id=306654,绿洲,None,
,f39c1052-0286-11ee-97f9-f875a47c197c,评论,http://p2.music.126.net/0yXDZfMmWORBqtF9sM-Ulg==/109951163187412003.jpg?param=130y130
/song?id=440208470,你啊你啊,1,魏如萱,,/song?id=440208470,你啊你啊,None,
,f39c1052-0286-11ee-97f9-f875a47c197c,评论,http://p1.music.126.net/pUVA3A7XBN2WwGNXSPz4Og==/109951165958860830.jpg?param=130y130
/song?id=288003,秋天的海,1,苏慧伦,,/song?id=288003,秋天的海,None,
,f39c1052-0286-11ee-97f9-f875a47c197c,评论,http://p2.music.126.net/cllSRP15u4y5XjbfvaxQog==/109951165422716842.jpg?param=130y130
/song?id=150633,天天,1,陶喆,,/song?id=150633,天天,None,
,f39c1052-0286-11ee-97f9-f875a47c197c,评论,http://p1.music.126.net/6pIcF4ZAL5euujMUNSt8PQ==/109951164124479906.jpg?param=130y130
/song?id=1913553526,是我的海 (鱼版),1,鱼丁糸,,/song?id=1913553526,是我的海 (鱼版),None,
,f39c1052-0286-11ee-97f9-f875a47c197c,评论,http://p2.music.126.net/bZLO_M_5uTFTYf4PnxNBuQ==/109951168556972063.jpg?param=130y130
/song?id=431259309,成全,1,林宥嘉,,/song?id=431259309,成全,None,
,f39c1052-0286-11ee-97f9-f875a47c197c,评论,http://p1.music.126.net/2Gqv7O9xh0M7cNNJWGAFAQ==/18733479114231669.jpg?param=130y130
/song?id=34179838,如同悲伤被下载了两次,1,陈珊妮 / 林宥嘉,,/song?id=34179838,如同悲伤被下载了两次,None,
,f39c1052-0286-11ee-97f9-f875a47c197c,评论,http://p1.music.126.net/i4bH-oMHaAg6F37GMFU04w==/7986852466399523.jpg?param=130y130
/song?id=209416,不应该,1,陈绮贞,,/song?id=209416,不应该,None,
,f39c1053-0286-11ee-9d66-f875a47c197c,评论,http://p1.music.126.net/Mvv6oyi8XjVfAIk0Lg76aA==/109951165876268707.jpg?param=130y130
/song?id=526116066,人啊,1,徐佳莹,,/song?id=526116066,人啊,None,
,f39c1053-0286-11ee-9d66-f875a47c197c,评论,http://p1.music.126.net/eLXUupsFAophg2Sx2CpAjQ==/109951163093327787.jpg?param=130y130
/song?id=1404531626,窃笑,1,魏如萱,,/song?id=1404531626,窃笑,None,
,f39c1053-0286-11ee-9d66-f875a47c197c,评论,http://p1.music.126.net/URW2jcwPJzKagqtR1CFqpw==/109951164496670550.jpg?param=130y130
/song?id=399343373,拆穿,1,小霞,,/song?id=399343373,拆穿,None,
,f39c1053-0286-11ee-9d66-f875a47c197c,评论,http://p2.music.126.net/kWaeUGoPkNEmpdVcCGG4LQ==/109951165959015520.jpg?param=130y130
/song?id=392522,踮起脚尖爱,1,洪佩瑜,,/song?id=392522,踮起脚尖爱,None,
,f39c1053-0286-11ee-9d66-f875a47c197c,评论,http://p2.music.126.net/s5Gdz_1Ry_o00aJf9HGKyw==/109951167343172443.jpg?param=130y130
/song?id=230245,过期,1,范晓萱,,/song?id=230245,过期,None,
,f39c1053-0286-11ee-9d66-f875a47c197c,评论,http://p2.music.126.net/YjGvKU66Bmtxvpzdfu1kbw==/109951167285868761.jpg?param=130y130
/song?id=254271,接受,1,梁静茹,,/song?id=254271,接受,None,
,f39c1053-0286-11ee-9d66-f875a47c197c,评论,http://p1.music.126.net/dr9lwZeuTDjbVTDaz5K0zQ==/18796151278553471.jpg?param=130y130
/song?id=297761,困在,1,魏如萱,,/song?id=297761,困在,None,
,f39c1053-0286-11ee-9d66-f875a47c197c,评论,http://p1.music.126.net/3iebeOIGFxSCBB2KarYVqw==/46179488383646.jpg?param=130y130
/song?id=298337,Fly Away,1,万芳,,/song?id=298337,Fly Away,None,
,f39c1053-0286-11ee-9d66-f875a47c197c,评论,http://p1.music.126.net/yUK8Dl_yaUQDv2CaNJhZxA==/109951163346571266.jpg?param=130y130
/song?id=239137,该放手了,1,黄小琥,,/song?id=239137,该放手了,None,
,f39c1053-0286-11ee-9d66-f875a47c197c,评论,http://p2.music.126.net/DQkt4l70noa2cGDUSOfOpg==/32985348845780.jpg?param=130y130
/song?id=1849958697,太傻,1,丁当,,/song?id=1849958697,太傻,None,
,f39c3765-0286-11ee-ad73-f875a47c197c,评论,http://p2.music.126.net/iWurwwkVm2MIMbnkPeSjZw==/109951168165233953.jpg?param=130y130
/song?id=450553385,很爱过一个人,1,丁当,,/song?id=450553385,很爱过一个人,None,
,f39c3765-0286-11ee-ad73-f875a47c197c,评论,http://p1.music.126.net/52-ZMmOlaJo_Kg_g4j9TGA==/109951168146575938.jpg?param=130y130
/song?id=28773036,我没那么爱你,1,丁当,,/song?id=28773036,我没那么爱你,None,
,f39c3765-0286-11ee-ad73-f875a47c197c,评论,http://p1.music.126.net/1KFjoJtWpnt16KiB4R0Kdw==/109951168144534489.jpg?param=130y130
/song?id=2006732748,爱如潮水,1,丁当,,/song?id=2006732748,爱如潮水,None,
,f39c3765-0286-11ee-ad73-f875a47c197c,评论,http://p2.music.126.net/CX7PtZxFlIZOerQCVvAj8w==/109951168149227082.jpg?param=130y130
/song?id=2008450162,命中注定,1,丁当,,/song?id=2008450162,命中注定,None,
,f39c3765-0286-11ee-ad73-f875a47c197c,评论,http://p2.music.126.net/8d1kTPMbIcCmQCCFZcxGqA==/109951168165070753.jpg?param=130y130
/song?id=28773045,身不由己,1,丁当,,/song?id=28773045,身不由己,None,
,f39c3765-0286-11ee-ad73-f875a47c197c,评论,http://p2.music.126.net/1KFjoJtWpnt16KiB4R0Kdw==/109951168144534489.jpg?param=130y130
/song?id=223760,花火,1,丁当 / 五月天 阿信,,/song?id=223760,花火,None,
,f39c3765-0286-11ee-ad73-f875a47c197c,评论,http://p1.music.126.net/neruDmkR9_poBEVm_eS7eA==/109951168163544976.jpg?param=130y130
/song?id=223703,我是一只小小鸟,1,丁当,,/song?id=223703,我是一只小小鸟,None,
,f39c3765-0286-11ee-ad73-f875a47c197c,评论,http://p1.music.126.net/OJaafK-1kAIJlOkCd-4egg==/109951168165529810.jpg?param=130y130
/song?id=29457287,白头吟,1,丁当,,/song?id=29457287,白头吟,None,
,f39c3765-0286-11ee-ad73-f875a47c197c,评论,http://p1.music.126.net/iqgnSmzfkiNLf3ONmaWXDQ==/109951168147098368.jpg?param=130y130
/song?id=223808,走火入魔,1,丁当 / 五月天 阿信,,/song?id=223808,走火入魔,None,
,f39c3765-0286-11ee-ad73-f875a47c197c,评论,http://p1.music.126.net/3Ji3wr_G6sodz4XAQk6NkQ==/109951168163335988.jpg?param=130y130
/song?id=346089,海阔天空,1,Beyond,,/song?id=346089,海阔天空,None,
,f39c3766-0286-11ee-9799-f875a47c197c,评论,http://p2.music.126.net/zZtUDuWk6qIe3ezMt4UMjg==/109951165796417308.jpg?param=130y130
/song?id=407435011,我想,1,余佳运,,/song?id=407435011,我想,None,
,f39c3766-0286-11ee-9799-f875a47c197c,评论,http://p1.music.126.net/O6d7GYY3gp2uy8zehvcOjQ==/17699938184267410.jpg?param=130y130
/song?id=1983245836,余生的宝藏,1,刘梓炎,,/song?id=1983245836,余生的宝藏,None,
,f39c3766-0286-11ee-9799-f875a47c197c,评论,http://p1.music.126.net/iR5EOXqZC3fNVKhxZyb4XA==/109951167896047393.jpg?param=130y130
/song?id=2040808081,不得不爱,1,潘玮柏 / 弦子,,/song?id=2040808081,不得不爱,None,
,f39c3766-0286-11ee-9799-f875a47c197c,评论,http://p2.music.126.net/5ml93QicmmC-6G5y1ThXOw==/109951168556399790.jpg?param=130y130
/song?id=1897927044,习惯失恋,1,容祖儿,,/song?id=1897927044,习惯失恋,None,
,f39c3766-0286-11ee-9799-f875a47c197c,评论,http://p1.music.126.net/4VieTORK0uoITPFlZyzJrQ==/109951166656376814.jpg?param=130y130
/song?id=254740,灰姑娘,1,梁咏琪,,/song?id=254740,灰姑娘,None,
,f39c3766-0286-11ee-9799-f875a47c197c,评论,http://p1.music.126.net/G2V8QLXZ-8YOMiyP7NKM1g==/109951163067907696.jpg?param=130y130
/song?id=316510,稀客,1,杨千嬅,,/song?id=316510,稀客,None,
,f39c3766-0286-11ee-9799-f875a47c197c,评论,http://p1.music.126.net/cANzxO2ixBKq_DJhSPOQ9Q==/109951163447787666.jpg?param=130y130
/song?id=1433394794,与我无关,1,马也_Crabbit,,/song?id=1433394794,与我无关,None,
,f39c3766-0286-11ee-9799-f875a47c197c,评论,http://p2.music.126.net/LElNh2WaVgvXi3tBkiF_Tw==/109951164832694774.jpg?param=130y130
/song?id=113342,明天以后,1,林峯 / 泳儿,,/song?id=113342,明天以后,None,
,f39c3766-0286-11ee-9799-f875a47c197c,评论,http://p1.music.126.net/zHf0YghOxEqtPOwwbZ_nUw==/109951166712232615.jpg?param=130y130
/song?id=316486,野孩子,1,杨千嬅,,/song?id=316486,野孩子,None,
,f39c3766-0286-11ee-9799-f875a47c197c,评论,http://p1.music.126.net/cANzxO2ixBKq_DJhSPOQ9Q==/109951163447787666.jpg?param=130y130
/song?id=1954963875,布里亚特舞曲+牧马人之歌 (Live),1,额尔古纳乐队 / 尚雯婕,,/song?id=1954963875,布里亚特舞曲+牧马人之歌 (Live),None,
,82dea12a-0288-11ee-af47-f875a47c197c,评论,http://p1.music.126.net/C5lHIbb2rI_4GaO1aNjPMw==/109951167535561357.jpg?param=130y130
/song?id=1954965657,我爱你，中国 (Live),1,龚爽 / 石倚洁,,/song?id=1954965657,我爱你，中国 (Live),None,
,82dea12a-0288-11ee-af47-f875a47c197c,评论,http://p2.music.126.net/C5lHIbb2rI_4GaO1aNjPMw==/109951167535561357.jpg?param=130y130
/song?id=1954965644,以后 (Live),1,Panta.Q 郭曲 / 许茹芸,,/song?id=1954965644,以后 (Live),None,
,82dea12a-0288-11ee-af47-f875a47c197c,评论,http://p1.music.126.net/C5lHIbb2rI_4GaO1aNjPMw==/109951167535561357.jpg?param=130y130
/song?id=1954965641,嘎达梅林 (Live),1,傲日其愣 / 小麦 / 杭盖乐队,,/song?id=1954965641,嘎达梅林 (Live),None,
,82dea12a-0288-11ee-af47-f875a47c197c,评论,http://p2.music.126.net/C5lHIbb2rI_4GaO1aNjPMw==/109951167535561357.jpg?param=130y130
/song?id=1951174050,酒歌+酒神曲 (Live),1,傲日其愣 / 小麦,,/song?id=1951174050,酒歌+酒神曲 (Live),None,
,82dea12a-0288-11ee-af47-f875a47c197c,评论,http://p1.music.126.net/rfPzS03jKEBy8vrSmKfv7A==/109951167482089355.jpg?param=130y130
/song?id=1951174048,山雪中 (Live),1,拉丹珠,,/song?id=1951174048,山雪中 (Live),None,
,82dea12a-0288-11ee-af47-f875a47c197c,评论,http://p1.music.126.net/rfPzS03jKEBy8vrSmKfv7A==/109951167482089355.jpg?param=130y130
/song?id=1951174047,半圆月 (Live),1,额尔古纳乐队,,/song?id=1951174047,半圆月 (Live),None,
,82dea12a-0288-11ee-af47-f875a47c197c,评论,http://p1.music.126.net/rfPzS03jKEBy8vrSmKfv7A==/109951167482089355.jpg?param=130y130
/song?id=1951174049,江南组曲 (Live),1,龚爽,,/song?id=1951174049,江南组曲 (Live),None,
,82dea12a-0288-11ee-af47-f875a47c197c,评论,http://p2.music.126.net/rfPzS03jKEBy8vrSmKfv7A==/109951167482089355.jpg?param=130y130
/song?id=1949040124,醒来吧 (Live),1,拉丹珠,,/song?id=1949040124,醒来吧 (Live),None,
,82dea12a-0288-11ee-af47-f875a47c197c,评论,http://p2.music.126.net/mnodHME4BB_jB5yxOXED2Q==/109951167448804036.jpg?param=130y130
/song?id=1949038462,为何不归来+一杯美酒 (Live),1,傲日其愣 / 小麦,,/song?id=1949038462,为何不归来+一杯美酒 (Live),None,
,82dea12a-0288-11ee-af47-f875a47c197c,评论,http://p2.music.126.net/mnodHME4BB_jB5yxOXED2Q==/109951167448804036.jpg?param=130y130
/song?id=1473369225,清河,1,白皮书乐队,,/song?id=1473369225,清河,None,
,82dec82f-0288-11ee-8ac6-f875a47c197c,评论,http://p2.music.126.net/ejL05c5N2U_owZq5yBJmJg==/109951167040044872.jpg?param=130y130
/song?id=385781,突然好想你,1,五月天,,/song?id=385781,突然好想你,None,
,82dec82f-0288-11ee-8ac6-f875a47c197c,评论,http://p1.music.126.net/l0vGEnowGfj6DgFSGojyfQ==/109951168163397768.jpg?param=130y130
/song?id=1854105063,你永远是我的宝贝，宝贝,1,康姆士COM'Z,,/song?id=1854105063,你永远是我的宝贝，宝贝,None,
,82dec82f-0288-11ee-8ac6-f875a47c197c,评论,http://p1.music.126.net/H9g5VjEOIZE_akV-JsH_6Q==/109951166095764702.jpg?param=130y130
/song?id=1359818052,夏日漱石 (Summer Cozy Rock),1,橘子海 (Orange Ocean),,/song?id=1359818052,夏日漱石 (Summer Cozy Rock),None,
,82dec82f-0288-11ee-8ac6-f875a47c197c,评论,http://p2.music.126.net/RI3Lg3qgUiL09Df-KrsJJQ==/109951166118036919.jpg?param=130y130
/song?id=524003143,降雨机率,1,甜約翰 Sweet John,,/song?id=524003143,降雨机率,None,
,82dec82f-0288-11ee-8ac6-f875a47c197c,评论,http://p1.music.126.net/OxECYWAX25GRXtvfMbl1OQ==/109951163084732892.jpg?param=130y130
/song?id=411314659,山海,1,草东没有派对,,/song?id=411314659,山海,None,
,82dec82f-0288-11ee-8ac6-f875a47c197c,评论,http://p2.music.126.net/bpq4ZMWaRiY6IfCt58N9oA==/1387583682387727.jpg?param=130y130
/song?id=862100838,我当你空气,1,旺福,,/song?id=862100838,我当你空气,None,
,82dec82f-0288-11ee-8ac6-f875a47c197c,评论,http://p1.music.126.net/VTWcfnTyC0yExog_Ne7gwA==/109951163381585689.jpg?param=130y130
/song?id=422104138,后来的我们,1,五月天,,/song?id=422104138,后来的我们,None,
,82dec82f-0288-11ee-8ac6-f875a47c197c,评论,http://p1.music.126.net/lt4R_XbCZsT-yzRfWs9VfQ==/3434874331529456.jpg?param=130y130
/song?id=1368754688,爱人错过,1,告五人,,/song?id=1368754688,爱人错过,None,
,82dec82f-0288-11ee-8ac6-f875a47c197c,评论,http://p2.music.126.net/5JLQMl8xASllDubCWb9WHw==/109951164111703663.jpg?param=130y130
/song?id=1983706291,被动,1,康姆士COM'Z,,/song?id=1983706291,被动,None,
,82dec82f-0288-11ee-8ac6-f875a47c197c,评论,http://p2.music.126.net/P3zTlM-ZgHA7MFLGOl1xNA==/109951167900668851.jpg?param=130y130
/song?id=2052367991,归来 (Live版),1,张信哲 / 那英 / 莫文蔚 / 杨宗纬 / 张韶涵 / 魏如萱 / 张杰 / 华晨宇 / 马嘉祺,,/song?id=2052367991,归来 (Live版),None,
,82deef59-0288-11ee-8292-f875a47c197c,评论,http://p1.music.126.net/PvCGnfEjm5O-16VDrqiNfw==/109951168652391588.jpg?param=130y130
/song?id=2052368796,爱人错过 (Live版),1,告五人,,/song?id=2052368796,爱人错过 (Live版),None,
,82deef59-0288-11ee-8292-f875a47c197c,评论,http://p1.music.126.net/PvCGnfEjm5O-16VDrqiNfw==/109951168652391588.jpg?param=130y130
/song?id=2052642244,离开地球表面（Live版）,1,华晨宇 / 马嘉祺,,/song?id=2052642244,离开地球表面（Live版）,None,
,82deef59-0288-11ee-8292-f875a47c197c,评论,http://p1.music.126.net/PvCGnfEjm5O-16VDrqiNfw==/109951168652391588.jpg?param=130y130
/song?id=2052368798,我的爱 (Live版),1,那英 / 魏如萱,,/song?id=2052368798,我的爱 (Live版),None,
,82deef59-0288-11ee-8292-f875a47c197c,评论,http://p2.music.126.net/PvCGnfEjm5O-16VDrqiNfw==/109951168652391588.jpg?param=130y130
/song?id=2052368029,对面的女孩看过来 (Live版),1,那英 / 魏如萱 / 华晨宇 / 马嘉祺,,/song?id=2052368029,对面的女孩看过来 (Live版),None,
,82deef59-0288-11ee-8292-f875a47c197c,评论,http://p2.music.126.net/PvCGnfEjm5O-16VDrqiNfw==/109951168652391588.jpg?param=130y130
/song?id=2052368814,带我去找夜生活 (Live版),1,张杰 / 告五人,,/song?id=2052368814,带我去找夜生活 (Live版),None,
,82deef59-0288-11ee-8292-f875a47c197c,评论,http://p1.music.126.net/PvCGnfEjm5O-16VDrqiNfw==/109951168652391588.jpg?param=130y130
/song?id=2052368046,克卜勒 (Live版),1,张杰,,/song?id=2052368046,克卜勒 (Live版),None,
,82deef59-0288-11ee-8292-f875a47c197c,评论,http://p1.music.126.net/PvCGnfEjm5O-16VDrqiNfw==/109951168652391588.jpg?param=130y130
/song?id=2052368818,少年 (Live版),1,张信哲 / 莫文蔚 / 杨宗纬 / 张韶涵 / 张杰,,/song?id=2052368818,少年 (Live版),None,
,82deef59-0288-11ee-8292-f875a47c197c,评论,http://p2.music.126.net/PvCGnfEjm5O-16VDrqiNfw==/109951168652391588.jpg?param=130y130
/song?id=2052368837,奉献 (Live版),1,胡德夫 / 马嘉祺,,/song?id=2052368837,奉献 (Live版),None,
,82deef59-0288-11ee-8292-f875a47c197c,评论,http://p2.music.126.net/PvCGnfEjm5O-16VDrqiNfw==/109951168652391588.jpg?param=130y130
/song?id=2052368104,明天会更好 (Live版),1,胡德夫 / 张信哲 / 那英 / 莫文蔚 / 何炅 / 杨宗纬 / 阿雅 / 张韶涵 / 魏如萱 / 张杰 / 华晨宇 / 马嘉祺 / 告五人,,/song?id=2052368104,明天会更好 (Live版),None,
,82deef59-0288-11ee-8292-f875a47c197c,评论,http://p2.music.126.net/PvCGnfEjm5O-16VDrqiNfw==/109951168652391588.jpg?param=130y130
/song?id=1810066941,美丽新世界 (Live) ,1,妙静鸥 / mama马思惠,,/song?id=1810066941,美丽新世界 (Live) ,None,
,82deef5a-0288-11ee-9307-f875a47c197c,评论,http://p1.music.126.net/TqhtmzVgSFgBpX8Imcvhzw==/109951165611472917.jpg?param=130y130
/song?id=1810066952,闪闪惹人爱 (Live) ,1,吴克群 / 妙静鸥 / mama马思惠,,/song?id=1810066952,闪闪惹人爱 (Live) ,None,
,82deef5a-0288-11ee-9307-f875a47c197c,评论,http://p1.music.126.net/TqhtmzVgSFgBpX8Imcvhzw==/109951165611472917.jpg?param=130y130
/song?id=1810066957,I believe+你快回来 (Live) ,1,孙楠,,/song?id=1810066957,I believe+你快回来 (Live) ,None,
,82deef5a-0288-11ee-9307-f875a47c197c,评论,http://p2.music.126.net/TqhtmzVgSFgBpX8Imcvhzw==/109951165611472917.jpg?param=130y130
/song?id=1810065124,我们的爱 (Live) ,1,李鑫一,,/song?id=1810065124,我们的爱 (Live) ,None,
,82deef5a-0288-11ee-9307-f875a47c197c,评论,http://p1.music.126.net/TqhtmzVgSFgBpX8Imcvhzw==/109951165611472917.jpg?param=130y130
/song?id=1810065135,不见不散 (Live) ,1,孙楠 / 李鑫一,,/song?id=1810065135,不见不散 (Live) ,None,
,82deef5a-0288-11ee-9307-f875a47c197c,评论,http://p2.music.126.net/TqhtmzVgSFgBpX8Imcvhzw==/109951165611472917.jpg?param=130y130
/song?id=1810065136,有一点动心 (Live) ,1,谢娜 / 田大亮,,/song?id=1810065136,有一点动心 (Live) ,None,
,82deef5a-0288-11ee-9307-f875a47c197c,评论,http://p2.music.126.net/TqhtmzVgSFgBpX8Imcvhzw==/109951165611472917.jpg?param=130y130
/song?id=1810066956,随缘+一生何求 (Live) ,1,温兆伦,,/song?id=1810066956,随缘+一生何求 (Live) ,None,
,82deef5a-0288-11ee-9307-f875a47c197c,评论,http://p1.music.126.net/TqhtmzVgSFgBpX8Imcvhzw==/109951165611472917.jpg?param=130y130
/song?id=1810065134,给我一个理由忘记 (Live) ,1,刘一萱,,/song?id=1810065134,给我一个理由忘记 (Live) ,None,
,82deef5a-0288-11ee-9307-f875a47c197c,评论,http://p2.music.126.net/TqhtmzVgSFgBpX8Imcvhzw==/109951165611472917.jpg?param=130y130
/song?id=1810066940,彩色的黑 (Live) ,1,刘维 / 刘一萱,,/song?id=1810066940,彩色的黑 (Live) ,None,
,82deef5a-0288-11ee-9307-f875a47c197c,评论,http://p1.music.126.net/TqhtmzVgSFgBpX8Imcvhzw==/109951165611472917.jpg?param=130y130
/song?id=1810065125,孤单北半球 (Live) ,1,欧得洋,,/song?id=1810065125,孤单北半球 (Live) ,None,
,82deef5a-0288-11ee-9307-f875a47c197c,评论,http://p1.music.126.net/TqhtmzVgSFgBpX8Imcvhzw==/109951165611472917.jpg?param=130y130
/song?id=463973320,深夜的歌,1,张过年,,/song?id=463973320,深夜的歌,None,
,82deef5b-0288-11ee-9224-f875a47c197c,评论,http://p2.music.126.net/Tif-mfnh5NrjpOS_49HXMA==/109951162872266060.jpg?param=130y130
/song?id=1422931582,酒馆,1,暗杠,,/song?id=1422931582,酒馆,None,
,82deef5b-0288-11ee-9224-f875a47c197c,评论,http://p2.music.126.net/ebtsSOX0XVOO0PURE1tysA==/109951164713445979.jpg?param=130y130
/song?id=27646196,莉莉安,1,宋冬野,,/song?id=27646196,莉莉安,None,
,82deef5b-0288-11ee-9224-f875a47c197c,评论,http://p2.music.126.net/GcRunGm02vZBicYmIN6GXw==/109951163200249252.jpg?param=130y130
/song?id=1451744158,飞鸟,1,柳爽,,/song?id=1451744158,飞鸟,None,
,82deef5b-0288-11ee-9224-f875a47c197c,评论,http://p1.music.126.net/BMPeBg8b6wRUofmMcfQ--g==/109951165029361219.jpg?param=130y130
/song?id=155753,陀螺,1,万晓利,,/song?id=155753,陀螺,None,
,82deef5b-0288-11ee-9224-f875a47c197c,评论,http://p1.music.126.net/ZbjVzJGWdbbFyLJEb1Y5xA==/64871186051083.jpg?param=130y130
/song?id=453927775,模样,1,张悬,,/song?id=453927775,模样,None,
,82deef5b-0288-11ee-9224-f875a47c197c,评论,http://p1.music.126.net/JGN80JTxwxWScbfsAyVCIg==/3311729030827266.jpg?param=130y130
/song?id=35618537,龙港秘密,1,尧十三,,/song?id=35618537,龙港秘密,None,
,82deef5b-0288-11ee-9224-f875a47c197c,评论,http://p1.music.126.net/csywqB-1I7RriFpJqTzpBQ==/3434874326295928.jpg?param=130y130
/song?id=421563714,任朝暮,1,陈粒,,/song?id=421563714,任朝暮,None,
,82deef5b-0288-11ee-9224-f875a47c197c,评论,http://p1.music.126.net/HQxTggMCB7AHUXN-ZFEtmA==/1371091013186741.jpg?param=130y130
/song?id=1924807470,如今,1,陈鸿宇,,/song?id=1924807470,如今,None,
,82deef5b-0288-11ee-9224-f875a47c197c,评论,http://p1.music.126.net/IZqFX0aEwrnUhxlPUVrB6w==/109951168090264287.jpg?param=130y130
/song?id=480768067,只道寻常,1,谢春花,,/song?id=480768067,只道寻常,None,
,82deef5b-0288-11ee-9224-f875a47c197c,评论,http://p1.music.126.net/xzu30SOCSvImthUU6wnGmA==/18920396090921010.jpg?param=130y130
/song?id=1406062963,沙发上的白日梦,1,SoulFa 灵魂沙发,,/song?id=1406062963,沙发上的白日梦,None,
,82df1416-0288-11ee-b18a-f875a47c197c,评论,http://p1.music.126.net/GLmuPSdXsyvwO_RfbaVeYQ==/109951164512005176.jpg?param=130y130
/song?id=33394070,我夏流,1,旺福,,/song?id=33394070,我夏流,None,
,82df1416-0288-11ee-b18a-f875a47c197c,评论,http://p2.music.126.net/sB-BK1vqkepJAUBhonO_Lg==/7994549047024609.jpg?param=130y130
/song?id=1412264341,放漾,1,A公馆,,/song?id=1412264341,放漾,None,
,82df1416-0288-11ee-b18a-f875a47c197c,评论,http://p2.music.126.net/jVJq2BuGPE-8zhUY7gjqcQ==/109951166032471810.jpg?param=130y130
/song?id=350830,Song F,1,达达乐队,,/song?id=350830,Song F,None,
,82df1416-0288-11ee-b18a-f875a47c197c,评论,http://p1.music.126.net/KdILwPMNXzPj2GuITtzFaw==/109951166562835841.jpg?param=130y130
/song?id=574925503,DEDEDE,1,椅子乐团 The Chairs,,/song?id=574925503,DEDEDE,None,
,82df1416-0288-11ee-b18a-f875a47c197c,评论,http://p2.music.126.net/WxXUfYaY5-nWKZJSPxdMZQ==/109951163380619155.jpg?param=130y130
/song?id=25702070,玛卡瑞纳,1,海龟先生,,/song?id=25702070,玛卡瑞纳,None,
,82df1416-0288-11ee-b18a-f875a47c197c,评论,http://p2.music.126.net/eP3MlGux63ndRJJOjk98Rw==/109951166585796989.jpg?param=130y130
/song?id=1359818052,夏日漱石 (Summer Cozy Rock),1,橘子海 (Orange Ocean),,/song?id=1359818052,夏日漱石 (Summer Cozy Rock),None,
,82df1416-0288-11ee-b18a-f875a47c197c,评论,http://p1.music.126.net/RI3Lg3qgUiL09Df-KrsJJQ==/109951166118036919.jpg?param=130y130
/song?id=574925511,阿奇,1,椅子乐团 The Chairs,,/song?id=574925511,阿奇,None,
,82df1416-0288-11ee-b18a-f875a47c197c,评论,http://p2.music.126.net/WxXUfYaY5-nWKZJSPxdMZQ==/109951163380619155.jpg?param=130y130
/song?id=1357842144,來跟我跳舞2019,1,康姆士COM'Z,,/song?id=1357842144,來跟我跳舞2019,None,
,82df1416-0288-11ee-b18a-f875a47c197c,评论,http://p2.music.126.net/wnXENky2swdqJ4nZeVpQbQ==/109951163987962806.jpg?param=130y130
/song?id=28996919,New Boy,1,朴树,,/song?id=28996919,New Boy,None,
,82df1416-0288-11ee-b18a-f875a47c197c,评论,http://p1.music.126.net/xANk1-adqsx10DpRLJOBzg==/109951167411817871.jpg?param=130y130
/song?id=1960052431,被动的观众,1,戴佩妮,,/song?id=1960052431,被动的观众,None,
,82df1417-0288-11ee-a161-f875a47c197c,评论,http://p2.music.126.net/cPNb0yaIY0XgvtmKFN7Eow==/109951167704255473.jpg?param=130y130
/song?id=1960055662,多亏你啊,1,戴佩妮,,/song?id=1960055662,多亏你啊,None,
,82df1417-0288-11ee-a161-f875a47c197c,评论,http://p1.music.126.net/cPNb0yaIY0XgvtmKFN7Eow==/109951167704255473.jpg?param=130y130
/song?id=1960052430,小失误,1,戴佩妮,,/song?id=1960052430,小失误,None,
,82df1417-0288-11ee-a161-f875a47c197c,评论,http://p2.music.126.net/cPNb0yaIY0XgvtmKFN7Eow==/109951167704255473.jpg?param=130y130
/song?id=424264770,贼,1,戴佩妮,,/song?id=424264770,贼,None,
,82df1417-0288-11ee-a161-f875a47c197c,评论,http://p1.music.126.net/STFJe6-img6xdkRaNZYBFA==/109951167704408829.jpg?param=130y130
/song?id=426027825,臭小孩,1,戴佩妮,,/song?id=426027825,臭小孩,None,
,82df1417-0288-11ee-a161-f875a47c197c,评论,http://p1.music.126.net/STFJe6-img6xdkRaNZYBFA==/109951167704408829.jpg?param=130y130
/song?id=417247524,未完不待续,1,戴佩妮,,/song?id=417247524,未完不待续,None,
,82df1417-0288-11ee-a161-f875a47c197c,评论,http://p2.music.126.net/STFJe6-img6xdkRaNZYBFA==/109951167704408829.jpg?param=130y130
/song?id=426027824,我的快乐大于我的悲哀,1,戴佩妮,,/song?id=426027824,我的快乐大于我的悲哀,None,
,82df1417-0288-11ee-a161-f875a47c197c,评论,http://p1.music.126.net/STFJe6-img6xdkRaNZYBFA==/109951167704408829.jpg?param=130y130
/song?id=224000,怎样,1,戴佩妮,,/song?id=224000,怎样,None,
,82df1417-0288-11ee-a161-f875a47c197c,评论,http://p1.music.126.net/_ht0XUDh6naXyKj2nyq0Qw==/109951165641462636.jpg?param=130y130
/song?id=1960052432,三四点了还没睡,1,戴佩妮,,/song?id=1960052432,三四点了还没睡,None,
,82df1417-0288-11ee-a161-f875a47c197c,评论,http://p2.music.126.net/cPNb0yaIY0XgvtmKFN7Eow==/109951167704255473.jpg?param=130y130
/song?id=223708,原谅我就是这样的女生,1,戴佩妮,,/song?id=223708,原谅我就是这样的女生,None,
,82df1417-0288-11ee-a161-f875a47c197c,评论,http://p2.music.126.net/NZasrYmxs7fQDAdMyTr57Q==/109951163239114070.jpg?param=130y130
/song?id=1878860736,你要跳舞吗,1,新裤子,,/song?id=1878860736,你要跳舞吗,None,
,82df1418-0288-11ee-9697-f875a47c197c,评论,http://p1.music.126.net/_e5KOwFlCZdihhfXFPLvKw==/109951166422324368.jpg?param=130y130
/song?id=1878860745,Trichiasis (油子),1,海皮威尔,,/song?id=1878860745,Trichiasis (油子),None,
,82df1418-0288-11ee-9697-f875a47c197c,评论,http://p2.music.126.net/_e5KOwFlCZdihhfXFPLvKw==/109951166422324368.jpg?param=130y130
/song?id=1878858990,晚秋,1,沙棘草,,/song?id=1878858990,晚秋,None,
,82df1418-0288-11ee-9697-f875a47c197c,评论,http://p2.music.126.net/_e5KOwFlCZdihhfXFPLvKw==/109951166422324368.jpg?param=130y130
/song?id=1878860746,夜长梦多,1,蛙池,,/song?id=1878860746,夜长梦多,None,
,82df1418-0288-11ee-9697-f875a47c197c,评论,http://p1.music.126.net/_e5KOwFlCZdihhfXFPLvKw==/109951166422324368.jpg?param=130y130
/song?id=1878860742,孤鸟的歌,1,马頔,,/song?id=1878860742,孤鸟的歌,None,
,82df1418-0288-11ee-9697-f875a47c197c,评论,http://p1.music.126.net/_e5KOwFlCZdihhfXFPLvKw==/109951166422324368.jpg?param=130y130
/song?id=1878858992,最后难过的人不是我,1,Peace Hotel(和平饭店),,/song?id=1878858992,最后难过的人不是我,None,
,82df1418-0288-11ee-9697-f875a47c197c,评论,http://p1.music.126.net/_e5KOwFlCZdihhfXFPLvKw==/109951166422324368.jpg?param=130y130
/song?id=1878860744,提香红,1,提香(TITIAN),,/song?id=1878860744,提香红,None,
,82df1418-0288-11ee-9697-f875a47c197c,评论,http://p1.music.126.net/_e5KOwFlCZdihhfXFPLvKw==/109951166422324368.jpg?param=130y130
/song?id=1878859002,Hailing Drums (欢呼的鼓),1,重塑雕像的权利,,/song?id=1878859002,Hailing Drums (欢呼的鼓),None,
,82df1418-0288-11ee-9697-f875a47c197c,评论,http://p1.music.126.net/_e5KOwFlCZdihhfXFPLvKw==/109951166422324368.jpg?param=130y130
/song?id=1878860743,光明大道,1,张楚,,/song?id=1878860743,光明大道,None,
,82df1418-0288-11ee-9697-f875a47c197c,评论,http://p2.music.126.net/_e5KOwFlCZdihhfXFPLvKw==/109951166422324368.jpg?param=130y130
/song?id=1876997280,流杯池,1,衣湿乐队,,/song?id=1876997280,流杯池,None,
,82df1418-0288-11ee-9697-f875a47c197c,评论,http://p2.music.126.net/aPx0plNTTLSgpPCO4G-nKw==/109951166371185854.jpg?param=130y130
/song?id=25731320,男孩别哭,1,海龟先生,,/song?id=25731320,男孩别哭,None,
,82df3baf-0288-11ee-8b49-f875a47c197c,评论,http://p2.music.126.net/g3iuiLZVhrr_RQjcbBm1ww==/109951166580938676.jpg?param=130y130
/song?id=28009051,没有理想的人不伤心,1,新裤子,,/song?id=28009051,没有理想的人不伤心,None,
,82df3baf-0288-11ee-8b49-f875a47c197c,评论,http://p2.music.126.net/w4J5DXSUimF5P0iDEzqy9w==/1393081236950048.jpg?param=130y130
/song?id=408055928,你要跳舞吗,1,新裤子,,/song?id=408055928,你要跳舞吗,None,
,82df3baf-0288-11ee-8b49-f875a47c197c,评论,http://p1.music.126.net/w4J5DXSUimF5P0iDEzqy9w==/1393081236950048.jpg?param=130y130
/song?id=27501008,仙儿,1,二手玫瑰,,/song?id=27501008,仙儿,None,
,82df3baf-0288-11ee-8b49-f875a47c197c,评论,http://p1.music.126.net/IYlER2JV54jegthG9CEjtA==/109951166583522337.jpg?param=130y130
/song?id=387492,别再问我什么是迪斯科,1,新裤子,,/song?id=387492,别再问我什么是迪斯科,None,
,82df3baf-0288-11ee-8b49-f875a47c197c,评论,http://p1.music.126.net/mEjZ-3eUu_BGEscv4pVIzw==/109951166578136994.jpg?param=130y130
/song?id=406737702,生活因你而火热,1,新裤子,,/song?id=406737702,生活因你而火热,None,
,82df3baf-0288-11ee-8b49-f875a47c197c,评论,http://p2.music.126.net/w4J5DXSUimF5P0iDEzqy9w==/1393081236950048.jpg?param=130y130
/song?id=368800,越长大越孤单,1,牛奶咖啡,,/song?id=368800,越长大越孤单,None,
,82df3baf-0288-11ee-8b49-f875a47c197c,评论,http://p2.music.126.net/tgpo6pATahMgqLEz0AFZBQ==/109951166585741279.jpg?param=130y130
/song?id=25702070,玛卡瑞纳,1,海龟先生,,/song?id=25702070,玛卡瑞纳,None,
,82df3baf-0288-11ee-8b49-f875a47c197c,评论,http://p1.music.126.net/eP3MlGux63ndRJJOjk98Rw==/109951166585796989.jpg?param=130y130
/song?id=447926025,阿珍爱上了阿强,1,五条人,,/song?id=447926025,阿珍爱上了阿强,None,
,82df3baf-0288-11ee-8b49-f875a47c197c,评论,http://p1.music.126.net/HBlgAIZlJb2IslUm8a18gQ==/109951163112483882.jpg?param=130y130
/song?id=348097,白日梦蓝,1,刺猬,,/song?id=348097,白日梦蓝,None,
,82df3baf-0288-11ee-8b49-f875a47c197c,评论,http://p2.music.126.net/rcOg_KVxvmnfoghvqATtyA==/41781441867586.jpg?param=130y130
/song?id=1962373078,多想 (Live),1,张信哲,,/song?id=1962373078,多想 (Live),None,
,82df3bb0-0288-11ee-a927-f875a47c197c,评论,http://p1.music.126.net/v4vcfirS2Zs6_pt9YIpb9A==/109951167642518196.jpg?param=130y130
/song?id=1962373075,那些花儿 (Live),1,陈楚生,,/song?id=1962373075,那些花儿 (Live),None,
,82df3bb0-0288-11ee-a927-f875a47c197c,评论,http://p2.music.126.net/v4vcfirS2Zs6_pt9YIpb9A==/109951167642518196.jpg?param=130y130
/song?id=1962373052,茉莉花 (Live),1,龚琳娜,,/song?id=1962373052,茉莉花 (Live),None,
,82df3bb0-0288-11ee-a927-f875a47c197c,评论,http://p1.music.126.net/v4vcfirS2Zs6_pt9YIpb9A==/109951167642518196.jpg?param=130y130
/song?id=1962373061,远走高飞 (Live),1,金志文,,/song?id=1962373061,远走高飞 (Live),None,
,82df3bb0-0288-11ee-a927-f875a47c197c,评论,http://p2.music.126.net/v4vcfirS2Zs6_pt9YIpb9A==/109951167642518196.jpg?param=130y130
/song?id=1962373060,一起出发 (Live),1,郁可唯,,/song?id=1962373060,一起出发 (Live),None,
,82df3bb0-0288-11ee-a927-f875a47c197c,评论,http://p2.music.126.net/v4vcfirS2Zs6_pt9YIpb9A==/109951167642518196.jpg?param=130y130
/song?id=1962374065,多想 (伴奏),1,张信哲,,/song?id=1962374065,多想 (伴奏),None,
,82df3bb0-0288-11ee-a927-f875a47c197c,评论,http://p2.music.126.net/v4vcfirS2Zs6_pt9YIpb9A==/109951167642518196.jpg?param=130y130
/song?id=1962374066,那些花儿 (伴奏),1,陈楚生,,/song?id=1962374066,那些花儿 (伴奏),None,
,82df3bb0-0288-11ee-a927-f875a47c197c,评论,http://p1.music.126.net/v4vcfirS2Zs6_pt9YIpb9A==/109951167642518196.jpg?param=130y130
/song?id=1962373267,茉莉花 (伴奏),1,龚琳娜,,/song?id=1962373267,茉莉花 (伴奏),None,
,82df3bb0-0288-11ee-a927-f875a47c197c,评论,http://p2.music.126.net/v4vcfirS2Zs6_pt9YIpb9A==/109951167642518196.jpg?param=130y130
/song?id=1962374064,远走高飞 (伴奏),1,金志文,,/song?id=1962374064,远走高飞 (伴奏),None,
,82df3bb0-0288-11ee-a927-f875a47c197c,评论,http://p2.music.126.net/v4vcfirS2Zs6_pt9YIpb9A==/109951167642518196.jpg?param=130y130
/song?id=1962373286,一起出发 (伴奏),1,郁可唯,,/song?id=1962373286,一起出发 (伴奏),None,
,82df3bb0-0288-11ee-a927-f875a47c197c,评论,http://p1.music.126.net/v4vcfirS2Zs6_pt9YIpb9A==/109951167642518196.jpg?param=130y130
/song?id=21702732,All I Wanna Do,1,Sheryl Crow,,/song?id=21702732,All I Wanna Do,None,
,8462aefe-0288-11ee-8d65-f875a47c197c,评论,http://p2.music.126.net/JcGekoTZ1zs_vSdMyNTrLw==/2571757697399895.jpg?param=130y130
/song?id=470601448,Dandelions,1,Ruth B.,,/song?id=470601448,Dandelions,None,
,8462aefe-0288-11ee-8d65-f875a47c197c,评论,http://p1.music.126.net/5KOvR1YbUyDVLRthEaFamw==/109951165981458431.jpg?param=130y130
/song?id=1366976288,Smooth (Tribute version originally performed by Santana Feat. Rob Thomas),1,Various Artists,,/song?id=1366976288,Smooth (Tribute version originally performed by Santana Feat. Rob Thomas),None,
,8462aefe-0288-11ee-8d65-f875a47c197c,评论,http://p1.music.126.net/unAnAtlDTkQ60koH9PdnCg==/109951164092105984.jpg?param=130y130
/song?id=1928397447,sun and moon,1,Anees,,/song?id=1928397447,sun and moon,None,
,8462aefe-0288-11ee-8d65-f875a47c197c,评论,http://p2.music.126.net/SjM4QYxR4XWjcDHcme7u6w==/109951167152238697.jpg?param=130y130
/song?id=16636834,Lovely Day,1,Bill Withers,,/song?id=16636834,Lovely Day,None,
,8462aefe-0288-11ee-8d65-f875a47c197c,评论,http://p1.music.126.net/o8cSRpQVcGgPYd37DoZAfA==/109951165972116546.jpg?param=130y130
/song?id=18374823,Everybody,1,Ingrid Michaelson,,/song?id=18374823,Everybody,None,
,8462aefe-0288-11ee-8d65-f875a47c197c,评论,http://p1.music.126.net/KsjFe3xzU5L7TgQgoQ2zLg==/109951165572948360.jpg?param=130y130
/song?id=18611643,I'm Yours,1,Jason Mraz,,/song?id=18611643,I'm Yours,None,
,8462aefe-0288-11ee-8d65-f875a47c197c,评论,http://p1.music.126.net/AawkvMuMEOkGgBEU_MuKaQ==/109951167192586221.jpg?param=130y130
/song?id=1849074493,Like My Father,1,Jax,,/song?id=1849074493,Like My Father,None,
,8462aefe-0288-11ee-8d65-f875a47c197c,评论,http://p2.music.126.net/sfh92WnfBcWCVdzYy3ZBtg==/109951166045442665.jpg?param=130y130
/song?id=22485886,It Ain't Over 'Til It's Over,1,Lenny Kravitz,,/song?id=22485886,It Ain't Over 'Til It's Over,None,
,8462aefe-0288-11ee-8d65-f875a47c197c,评论,http://p1.music.126.net/Vb10NkzKXwumuWF7OizbjQ==/109951166592571285.jpg?param=130y130
/song?id=1305366110,Lucky Strike,1,Troye Sivan,,/song?id=1305366110,Lucky Strike,None,
,8462aefe-0288-11ee-8d65-f875a47c197c,评论,http://p1.music.126.net/WT2sbyZ9U1A-RQ8NtdwENg==/109951163518237291.jpg?param=130y130
/song?id=1835514122,Kiss Me More,1,Doja Cat / SZA,,/song?id=1835514122,Kiss Me More,None,
,8462d612-0288-11ee-b05e-f875a47c197c,评论,http://p2.music.126.net/1DdFvinGow812XdZl9ilgA==/109951165869944664.jpg?param=130y130
/song?id=1485775996,Say So,1,Doja Cat / 林彦俊,,/song?id=1485775996,Say So,None,
,8462d612-0288-11ee-b05e-f875a47c197c,评论,http://p2.music.126.net/-yGCS2KSxbVnvqkZxFd1Xw==/109951165378739739.jpg?param=130y130
/song?id=1838886738,Come Through,1,H.E.R. / Chris Brown,,/song?id=1838886738,Come Through,None,
,8462d612-0288-11ee-b05e-f875a47c197c,评论,http://p2.music.126.net/x61rS5YvJ6HXZUcoZic1lg==/109951165908831458.jpg?param=130y130
/song?id=1804723479,Little Bit of Love,1,Tom Grennan,,/song?id=1804723479,Little Bit of Love,None,
,8462d612-0288-11ee-b05e-f875a47c197c,评论,http://p2.music.126.net/HNWGPIQa3Mlghw9adny4Dg==/109951165544695764.jpg?param=130y130
/song?id=1425944859,Traingazing,1,Sam Wills / Honey Mooncie,,/song?id=1425944859,Traingazing,None,
,8462d612-0288-11ee-b05e-f875a47c197c,评论,http://p2.music.126.net/9fWdm3jnmEPyqXN9_lIeBQ==/109951164740555724.jpg?param=130y130
